,title
6,Accomplice
8,Kilometers and Kilometers
21,So My Grandma’s a Lesbian!
25,Friendsgiving
26,The Shadow of Violence
27,Cut Throat City
29,Sightless
34,Death of Me
39,Double Dad
46,The Magicians
47,The Vanished
52,The Heartbreak Club
57,Last Tango in Halifax
80,100% Halal
82,Pieces of a Woman
85,Tony Parker: The Final...
92,Korean Pork Belly Rhapsody
95,Asphalt Burning
113,Full Out 2: You Got This!
131,Running Man
152,Best of Stand-Up 2020
154,Chilling Adventures of...
155,Tarung Sarung
157,Best Leftovers Ever!
159,Equinox
160,Gameboys Level-Up Edition
161,SanPa: Sins of the Savior
163,The Rope Curse 2
164,Transformers: War for...
165,A Love So Beautiful
166,Cops and Robbers
168,Death to 2020
170,DNA
171,Fast & Furious Spy Racers
172,Go! Go! Cory Carson
173,Regiment Diaries
174,The Magic School Bus...
175,AK vs AK
176,Bridgerton
178,We Can Be Heroes
183,The Midnight Sky
184,Your Name Engraved Herein
185,After We Collided
186,London Hughes: To Catch...
187,Lovestruck in the City
188,QLIMAX THE SOURCE
189,Rhyme Time Town Singalongs
191,Shaun the Sheep: The...
193,Ariana grande: excuse...
196,Rhys Nicholson Live at...
198,Cocomelon
200,Guest House
201,Home for Christmas
203,Ma Rainey's Black Bottom
204,Ma Rainey's Black...
206,Paava Kadhaigal
209,An Unremarkable Christmas
213,Morphle
214,Run On
216,Schulz Saves America
218,Anitta: Made In Honório
219,BREAK IT ALL: The...
221,How To Ruin Christmas
227,The Ripper
228,Vir Das: Outside In ...
231,Pup Academy
232,Song Exploder
236,A California Christmas
238,Tiny Pretty Things
239,The Netflix Afterparty...
240,Children of Adam
242,A Trash Truck Christmas
243,Canvas
244,Giving Voice
245,The Mess You Leave Behind
246,The Prom
247,Torbaaz
248,Alice in Borderland
249,Funny Boy
250,Futmalls.com
257,Rose Island
258,The Big Show Show
259,The Expanding Universe...
260,The Surgeon's Cut
261,André & his olive tree
262,Bobbleheads The Movie
263,Emicida: AmarElo - It’s...
265,Mr. Iglesias
266,Spirit Riding Free...
267,Super Monsters: Santa’s...
270,Ava
271,Manhunt: Deadly Games
272,Room 2806: The Accusation
274,Detention
275,Mighty Express: A...
276,Bhaag Beanie Bhaag
277,Big Mouth
278,Captain Underpants Mega...
279,Christmas Crossfire
280,Kings of Jo'Burg
281,Leyla Everlasting
282,MANK
283,Pokémon Journeys: The...
284,Selena: The Series
285,The Great British...
286,You Are My Home
289,Chico Bon Bon and the...
290,Just Another Christmas
292,Alien Worlds
293,Ari Eldjárn: Pardon My...
294,Check The Store Next...
295,Fierce
296,Hazel Brugger: Tropical
301,Angela's Christmas Wish
311,Natalie Palamides: Nate...
318,Super Wings
323,The Holiday Movies That...
325,U-Turn
326,Finding Agnes
329,The 2nd
330,The Uncanny Counter
331,A Go! Go! Cory Carson...
332,Dance Dreams: Hot...
333,Don’t Listen
334,Fabulous Lives of...
336,Over Christmas
337,Sugar Rush Christmas
338,The Beast
339,The Call
340,Virgin River
342,Larry the Cable Guy...
343,Mosul
345,Ghosts of War
346,Great Pretender
347,Shawn Mendes: Live in...
348,The Christmas...
349,Andhaghaaram
350,Andhakaaram
352,Dragons: Rescue Riders...
353,Hillbilly Elegy
354,Notes for My Son
355,Valentino
356,Hard Kill
357,Shawn Mendes: In Wonder
360,Dolly Parton’s...
363,Alien Xmas
364,Flavorful Origins
366,If Anything Happens I...
367,Mismatched
368,The App That Stole...
369,Voices of Fire
378,The Princess Switch...
381,Holiday Home Makeover...
382,Ainu Mosir
383,Kevin Hart: Zero F**ks...
384,The Boss Baby: Back in...
385,We Are the Champions
393,Polly Pocket
395,The Crown
399,Fukrey Boyzzz: Space...
400,Jingle Jangle: A...
402,The Beginning of Life 2...
403,The Life Ahead
404,The Minions of Midas
407,Ethos
410,Graceful Friends
411,Ludo
414,A Queen Is Born
415,Aunty Donna's Big Ol'...
416,The Liberator
417,Trial 4
419,What We Wanted
421,DASH & LILY
422,Trash Truck
423,Undercover
424,Bakugan: Armored Alliance
426,Citation
427,Country Ever After
428,Girl's Revenge
433,A New York Christmas...
435,Carmel: Who Killed...
436,Midnight at the Magnolia
438,Operation Christmas Drop
439,Paranormal
442,Love & Anarchy
443,Miss India
444,Felix Lobrecht: Hype
445,MOTHER
447,Ya no estoy aquí: Una...
448,Can You Hear Me?
456,Elf Pets: A Fox Cub’s...
457,Elf Pets: Santa’s...
466,LEGO Ninjago
477,The Good Detective
483,Wheels of Fortune
488,His House
490,Kaali Khuhi
491,Kongsuni and Friends
492,Marvel's Agents of...
493,Rogue City
494,Somebody Feed Phil
495,Suburra: Blood on Rome
496,The Day of the Lord
498,Holidate
501,Nobody Sleeps in the...
502,Secrets of the Saqqara...
503,Blood of Zeus
504,Chico Bon Bon: Monkey...
505,Guillermo Vilas...
506,Sarah Cooper...
507,The Devil Punisher
512,Barbarians
513,Move
514,Over the Moon
516,Stolen Away
517,The Queen's Gambit
519,Cadaver
524,"Yes, God, Yes"
525,Brave Blue World...
526,My Next Guest Needs No...
527,Rebecca
529,The Magic School Bus...
530,Tremors: Shrieker Island
542,Unsolved Mysteries
550,Start-Up
551,I Am Vengeance...
553,Grand Army
555,La Révolution
556,Someone Has to Die
557,The Last Kids on Earth
558,The Trial of the Chicago 7
560,A Babysitter's Guide to...
566,Love Like the Falling Rain
568,Power Rangers Beast...
569,Rooting for Roona
570,Social Distance
571,A Choo
572,BLACKPINK: Light Up the...
573,The Three Deaths of...
575,Octonauts & the Great...
576,The Cabin with Bert...
580,Kipo and the Age of...
584,Deaf U
585,Ginny Weds Sunny
587,Super Monsters: Dia de...
588,The Forty-Year-Old Version
589,The Haunting of Bly Manor
590,Bigflo & Oli: Hip Hop...
591,Do Do Sol Sol La La Sol
593,Private Lives
594,The 100
595,Hubie Halloween
596,To the Lake
597,American Pie 9: Girls'...
600,StarBeam: Halloween Hero
602,Bad Boy Billionaires...
603,David Attenborough: A...
604,"Best Wishes, Warmest..."
608,Schitt's Creek
610,A Go! Go! Cory Carson...
611,Dick Johnson Is Dead
613,Emily in Paris
615,Òlòtūré
616,Serious Men
617,The Binding
619,Vampires vs. the Bronx
620,You've Got This
623,All Because of You
636,"Good Morning, Verônica"
642,Oktoberfest: Beer & Blood
648,The Book of Sun
649,The Outpost
654,The Worst Witch
656,You Cannot Hide
658,American Murder: The...
661,Man with a Plan
663,The Boys in the Band
664,The Boys in the Band...
665,Wentworth
667,Michelle Buteau...
668,Welcome to Sudden Death
679,Whose Vote Counts...
681,The Good Place
683,A Perfect Crime
684,Mighty Little Bheem
686,Sneakerheads
687,The Great British...
688,The School Nurse Files
691,The Chef Show
692,Enola Holmes
694,Jack Whitehall: Travels...
695,Kiss the Ground
696,Mighty Express
697,The Playbook
698,A Love Song for Latasha
709,Fukrey Boyzzz
713,Dolly Kitty Aur Woh...
714,Ratched
715,The American Barbecue...
717,Whipped
719,Dragon's Dogma
720,GIMS: On the Record
721,Horrid Henry's Gross...
723,Residue
724,The Last Word
725,Baby
726,Challenger
727,Criminal: UK
729,MeatEater
730,Signs
731,Sing On!
732,The Devil All The Time
733,The Paramedic
735,Call the Midwife
738,Hope Frozen: A Quest to...
739,Izzy's Koala World
740,Michael McIntyre: Showman
742,Taco Chronicles
745,Wish Upon a Unicorn
747,Buddi
748,Dad Wanted
749,Family Business
752,Pets United
753,The Barrier
754,The Duchess
762,Greenleaf
763,Julie and the Phantoms
770,The Babysitter: Killer...
771,The Gift
772,Cargo
773,Cuties
774,Get Organized with The...
775,La Línea: Shadow of Narco
776,So Much Love to Give
777,The Social Dilemma
778,#Alive
781,Record of Youth
782,StarBeam
784,My Octopus Teacher
786,Transformers: Cyberverse
790,Villain
791,Away
792,I'm Thinking of Ending...
794,Spirit Riding Free...
797,Afonso Padilha: Classless
799,"Love, Guaranteed"
800,The Platform
801,Young Wallander
802,Chef's Table: BBQ
803,Freaks – You're One of Us
805,Sky Tour: The Movie
806,The Witcher: A Look...
809,Barbie Princess Adventure
811,Bookmarks
816,Felipe Esparza: Bad...
818,Heidi
826,The Boss Baby: Get That...
827,The Match
831,Thomas and Friends
832,True: Friendship Day
835,Maniyarayile Ashokan
837,The Debt Collector 2
840,All Together Now
842,I AM A KILLER: RELEASED
843,Masaba Masaba
844,Santana
845,Unknown Origins
846,Aggretsuko
849,The Bridge Curse
852,Her Mother's Killer
853,Lingua Franca
854,Making The Witcher
855,Million Dollar Beach House
856,Rising Phoenix
857,Emily's Wonder Lab
858,Trinkets
859,Bunk'd
861,The Creative Indians
865,Alien TV
866,Class of '83
867,Dark Forces
868,Hoops
870,Lucifer
872,Rust Valley Restorers
874,The Sleepover
875,Biohackers
876,Goedam
878,John Was Trying to...
880,The Crimes That Bind
881,DeMarcus Family Rules
882,High Score
883,Little Singham: Kaal Ka...
886,Crazy Awesome Teachers
887,Glitch Techs
891,Stranger
892,Bread Barbershop
894,Rita
898,3%
899,Beyond the Boundary...
900,Fearless
901,Glow Up
903,Octonauts & the Caves...
904,Project Power
905,Teenage Bounty Hunters
906,The Great Heist
916,(Un)Well
917,Gunjan Saxena: The...
920,Rob Schneider: Asian...
921,GAME ON: A Comedy...
922,Men on a Mission
925,The Lost Husband
929,We Summon the Darkness
930,"Berlin, Berlin: Lolle..."
931,High Seas
932,Selling Sunset
933,Sing On! Germany
935,The Magic School Bus...
936,The New Legends of Monkey
937,Tiny Creatures
938,Wizards: Tales of Arcadia
939,Word Party Songs
940,Work It
942,Nasha Natasha
943,The Rain
945,Anelka: Misunderstood
948,World's Most Wanted
949,A Go! Go! Cory Carson...
950,Malibu Rescue: The Next...
951,Mystery Lab
952,Sam Jay: 3 In The Morning
953,Immigration Nation
954,Almost Love
955,Connected
965,My Perfect Landing
968,Power Players
970,Rogue Warfare: The Hunt
971,Super Monsters: The New...
975,Transformers Rescue...
976,Tumi or not Tumi
978,Get Even
979,Latte and the Magic...
980,Locked Up
981,Raat Akeli Hai
982,Seriously Single
983,Sugar High
984,Sugar Rush
985,The Umbrella Academy
987,Transformers: War For...
988,Uma Maheswara Ugra...
989,Unlucky Ploy
992,Shine Your Eyes
993,The Hater
994,The Speed Cubers
996,Last Chance U
997,Banana Split
999,Door Ke Darshan
1000,Double World
1002,Animal Crackers
1003,Dragons: Rescue Riders...
1006,Offering to the Storm
1007,Romance Doll
1008,Sing On! Spain
1009,The Kissing Booth 2
1011,The Larva Island Movie
1013,Fear City: New York vs...
1015,Norsemen
1018,How to Sell Drugs...
1020,Jack Whitehall: I'm...
1021,Street Food: Latin America
1023,The Last Dance
1027,Cursed
1028,Father Soldier Son
1029,In The Dark
1030,Kissing Game
1033,Fatal Affair
1034,Indian Matchmaking
1037,Dark Desire
1038,Little Singham: Legend...
1039,Skin Decision: Before...
1042,The Players
1043,The Business of Drugs
1044,Urzila Carlson...
1045,We Are One
1047,Dating Around: Brazil
1048,Down to Earth with Zac...
1050,The Claudia Kishi Club
1051,The Epic Tales of...
1052,The Old Guard
1055,Japan Sinks: 2020
1056,The Protector
1057,Was It Love?
1059,Mucho Mucho Amor: The...
1060,Stateless
1064,Jim Jefferies: Intolerant
1066,PNL - Dans la légende tour
1067,The Underclass
1080,Hook
1097,Little Singham
1100,Desperados
1101,Hunter in the Blue Side...
1103,JU-ON: Origins
1105,Southern Survival
1106,The Baby-Sitters Club
1109,Thiago Ventura: POKAS
1110,Warrior Nun
1118,Adú
1120,Cleo & Cuquin
1122,Deadwind
1127,Say I Do
1134,Under the Riccione Sun
1136,BNA
1137,George Lopez: We'll Do...
1138,Homemade
1141,#FriendButMarried 2
1144,Dark
1146,Ride Like a Girl
1147,All For Love
1148,Eurovision Song Contest...
1149,Home Game
1154,Straight Up
1156,Twogether
1157,Krishna and His Leela
1160,Athlete A
1161,Bulbbul
1162,Crazy Delicious
1163,Nobody Knows I'm Here
1164,Eric Andre: Legalize...
1165,"Roswell, New Mexico"
1169,Kappela
1171,It's Okay to Not Be Okay
1174,Babies
1175,Chaman Bahaar
1177,Disclosure
1178,Feel the Beat
1179,Floor Is Lava
1180,Lost Bullet
1181,Most Beautiful Thing
1182,One-Way to Tomorrow
1184,Rhyme Time Town
1186,The Politician
1187,Wasp Network
1188,A Whisker Away
1194,El límite infinito
1196,One Take
1202,The Order
1204,Riding Faith
1214,Alexa & Katie
1215,Asura Guru
1216,How to Get Away with...
1217,Milea
1219,Axone
1220,Da 5 Bloods
1221,Dating Around
1225,F is for Family
1226,Frank Elstner: Just One...
1227,Jo Koy: In His Elements
1231,The Search
1232,The Woods
1236,Whispers
1237,Curon
1238,DC's Legends of Tomorrow
1239,Lenox Hill
1242,Reality Z
1245,365 Days
1246,Forensic
1250,The Night Clerk
1251,13 Reasons Why
1254,Choked: Paisa Bolta Hai
1256,Queer Eye
1259,The Last Days of...
1261,BAKI
1266,Spelling the Dream
1276,True: Rainbow Rescue
1284,Chippa
1306,Kenny Sebastian: The...
1307,Space Force
1311,Dorohedoro
1314,Intuition
1319,Jeffrey Epstein: Filthy...
1320,Hannah Gadsby: Douglas
1323,Norm of the North...
1327,Betaal
1329,One Day We'll Talk...
1330,Si Doel the Movie 3
1331,Control Z
1332,History 101
1335,The Lovebirds
1336,Trailer Park Boys: The...
1342,Mystic Pop-up Bar
1350,Ben Platt Live from...
1351,Blood & Water
1352,Especial 20 años Fútbol...
1355,Mutiny of the Worker Bees
1358,The Queen and the...
1359,What Are the Odds?
1366,Patton Oswalt: I Love...
1367,Sweet Magnolias
1374,The Big Flower Fight
1375,Patriot Act with Hasan...
1383,Inhuman Resources
1386,Magic for Humans
1389,She-Ra and the...
1390,Sleepless Society: Two...
1392,The Unremarkable Juanquini
1395,White Lines
1399,Malang
1406,The Wrong Missy
1409,True: Terrific Tales
1410,Unbreakable Kimmy...
1414,Have a Good Trip...
1416,Trial By Media
1419,John Henry
1420,18 Presents
1421,Dead to Me
1423,Restaurants on the Edge
1424,The Eddy
1425,The Hollow
1426,Valeria
1430,Scissor Seven
1433,Becoming
1435,"Sí, Mi Amor"
1436,Workin' Moms
1437,Jerry Seinfeld: 23...
1439,Luccas Neto em...
1441,Almost Happy
1443,Death Can Wait
1445,Har Kisse Ke Hisse...
1449,Roped
1450,The Stand at Paxton County
1453,All Day and a Night
1459,Go! Go! Cory Carson...
1460,Hollywood
1462,Into the Night
1468,Mrs. Serial Killer
1469,Oh Yuck
1470,Psycho
1472,The Half Of It
1474,Thomas & Friends...
1475,Thomas & Friends...
1476,Thomas & Friends...
1478,Dangerous Lies
1479,DRIFTING DRAGONS
1482,Rich in Love
1483,The Forest of Love...
1484,The Victims' Game
1485,A Secret Love
1487,Extracurricular
1489,Murder to Mercy: The...
1490,Nadiya’s Time to Eat
1492,Summertime
1507,Love Aaj Kal
1508,Never Have I Ever
1509,The Lift Boy
1510,"Coronavirus, Explained"
1511,The Last Kingdom
1512,Bheeshma
1524,After Life
1526,Extraction
1528,Love 101
1530,"Yours Sincerely, Kanan..."
1531,Ghost in the Shell...
1534,The House of Flowers
1536,Time to Hunt
1537,Absurd Planet
1538,Circus of Books
1542,The Willoughbys
1543,Win the Wilderness
1545,Middleditch & Schwartz
1547,Cooked with Cannabis
1548,The Midnight Gospel
1550,Varane Avashyamund
1553,The King: Eternal Monarch
1554,#blackAF
1556,Earth and Blood
1557,El Dragón: Return of a...
1558,Hasmukh
1559,Rising High
1560,Sergio
1562,Too Hot to Handle
1564,Fary : Hexagone
1565,Fauda
1568,Maurício Meirelles...
1579,Outer Banks
1581,The Innocence Files
1584,World Famous Lover
1586,Chris D'Elia: No Pain
1590,Surviving R. Kelly Part...
1594,Brews Brothers
1596,LA Originals
1597,Love Wedding Repeat
1599,The Main Event
1601,Tigertail
1603,The Circle France
1614,Coffee & Kareem
1615,La casa de papel
1617,Money Heist: The...
1619,Sol Levante
1625,David Batra: Elefanten...
1634,How to Fix a Drug Scandal
1642,Kim's Convenience
1646,Man Like Mobeen
1650,Nailed It
1654,SETHUM AAYIRAM PON
1655,Sunderland 'Til I Die
1657,The Iliza Shlesinger...
1663,The Windsors
1665,Well-Intended Love
1667,A truthful Mother
1670,Dave Chappelle: The...
1681,Kannum Kannum...
1682,Rugal
1684,Car Masters: Rust to...
1685,Dragons: Rescue Riders...
1688,Maska
1689,Ozark
1690,The Decline
1691,The Least Expected Day...
1694,True: Wuzzle Wegg Day
1695,Uncorked
1696,Wassup Man GO!
1698,7SEEDS
1702,Making Unorthodox
1703,Unorthodox
1705,Crip Camp: A Disability...
1708,The Occupant
1709,YooHoo to the Rescue
1710,Tom Segura: Ball Hog
1711,Freud
1713,J-Style Trip
1714,Barbie Dreamhouse...
1715,A Life of Speed: The...
1716,Archibald's Next Big Thing
1717,Dino Girl Gauko
1719,Feel Good
1720,Greenhouse Academy
1721,Self Made: Inspired by...
1722,She
1723,The English Game
1724,The Letter for the King
1726,Tiger King: Murder...
1727,Ultras
1728,Vampires
1730,Altered Carbon: Resleeved
1731,Masameer - The Movie
1734,Caliphate
1739,Bert Kreischer: Hey Big...
1741,Shaun the Sheep...
1754,Jai Mummy Di
1755,100 Humans
1758,Bloodride
1759,Elite
1760,Go Karts
1762,Kingdom
1763,Lost Girls
1765,The Valhalla Murders
1766,Hospital Playlist
1767,Dirty Money
1769,On My Block
1772,The Circle Brazil
1773,Carmen Sandiego: To...
1774,Marc Maron: End Times Fun
1775,Sitara: Let Girls Dream
1778,Guilty
1781,Paradise PD
1782,Spenser Confidential
1783,Twin Murders: the...
1784,Ugly Delicious
1786,Angu Vaikuntapurathu...
1787,Castlevania
1788,Mighty Little Bheem...
1799,Taylor Tomlinson...
1803,Fat Ballerina - David A...
1805,Babylon Berlin
1807,Calico Critters Mini...
1819,Velvet Colección: Grand...
1822,All The Bright Places
1825,Formula 1: Drive to...
1828,Queen Sono
1830,Unstoppable
1831,Ala Vaikunthapurramuloo
1832,Altered Carbon
1833,Followers
1835,Six Windows in the Desert
1839,I Am Not Okay With This
1842,The Trials of Gabriel...
1846,Pete Davidson: Alive...
1848,"Hi Bye, Mama!"
1852,Gentefied
1853,Hyena
1854,Passion. Panache. Pep
1855,Puerta 7
1856,System Crasher
1858,The Last Thing He Wanted
1859,Yeh Ballet
1861,Spectros
1875,A Shaun the Sheep Movie...
1879,Isi & Ossi
1882,Taj Mahal 1989
1886,Love Is Blind
1887,Narcos: Mexico
1891,To All the Boys: P.S. I...
1893,Captain Underpants Epic...
1895,ROAD TO ROMA
1903,Dragons: Rescue Riders
1905,Horse Girl
1907,Locke & Key
1908,My Holo Love
1910,Who Killed Malcolm X?
1911,Cagaster of an Insect Cage
1914,#cats_the_mewvie
1916,The Pharmacist
1918,Uppity: The Willy T...
1919,Dragonheart: Vengeance
1922,Tom Papa: You're Doing...
1923,Team Kaylie
1925,The Silent War
1929,Itaewon Class
1934,Night on Earth: Shot in...
1942,37 Seconds
1944,Diablero
1947,I AM A KILLER
1948,Luna Nera
1949,Miss Americana
1950,Ragnarok
1951,Unauthorized Living
1954,THE STRANGER
1955,What the Love! with...
1957,Find Yourself
1958,Next in Fashion
1959,Night on Earth
1960,Omniscient
1962,Shimla Mirchi
1964,Vir Das: For India
1968,Rise of Empires: Ottoman
1970,The goop lab with...
1971,The Ranch
1972,Airplane Mode
1973,Alex Fernández: The...
1974,October Faction
1975,​SAINT SEIYA: Knights...
1977,The Ghost Bride
1979,Pandemic: How to...
1982,Fortune Feimster: Sweet...
1984,Word Party
1986,Family Reunion
1988,WHAT DID JACK DO?
1990,A Fall from Grace
1991,Ares
1992,Hip-Hop Evolution
1993,Nailed It! Germany
1994,Sex Education
1998,Handsome Siblings
2007,Grace and Frankie
2008,Killer Inside: The Mind...
2012,Leslie Jones: Time Machine
2015,The Healing Powers of Dude
2018,AJ and the Queen
2020,Harvey Street Kids
2021,Jamtara - Sabka Number...
2022,Medical Police
2024,The InBESTigators
2025,Until Dawn
2026,Bulletproof 2
2027,Cheer
2029,"Live Twice, Love Once"
2030,Dracula
2031,All the Freckles in the...
2034,"Sex, Explained"
2045,Ghost Stories
2050,Messiah
2052,Nisman: The Prosecutor...
2060,Spinning Out
2062,The Circle
2159,Fuller House
2291,Maradona in Mexico
2385,BoJack Horseman
2455,The Hook Up Plan
